feature_name,feature_group,source_tables,source_columns,transformation_logic,join_key,aggregation_level,availability_time,leakage_risk,production_controls,owner,used_in_model
AMT_ANNUITY,base_application_numeric,application_train.csv,Application-time numeric applicant and loan fields,Direct selected numeric fields from the base application table.,SK_ID_CURR,Applicant level,Known at loan application submission time.,low,"Validate schema, numeric ranges, missingness, and application timestamp; exclude identifiers and target from model inputs.",Data Science / Credit Risk,True
AMT_CREDIT,base_application_numeric,application_train.csv,Application-time numeric applicant and loan fields,Direct selected numeric fields from the base application table.,SK_ID_CURR,Applicant level,Known at loan application submission time.,low,"Validate schema, numeric ranges, missingness, and application timestamp; exclude identifiers and target from model inputs.",Data Science / Credit Risk,True
AMT_GOODS_PRICE,base_application_numeric,application_train.csv,Application-time numeric applicant and loan fields,Direct selected numeric fields from the base application table.,SK_ID_CURR,Applicant level,Known at loan application submission time.,low,"Validate schema, numeric ranges, missingness, and application timestamp; exclude identifiers and target from model inputs.",Data Science / Credit Risk,True
AMT_INCOME_TOTAL,base_application_numeric,application_train.csv,Application-time numeric applicant and loan fields,Direct selected numeric fields from the base application table.,SK_ID_CURR,Applicant level,Known at loan application submission time.,low,"Validate schema, numeric ranges, missingness, and application timestamp; exclude identifiers and target from model inputs.",Data Science / Credit Risk,True
CNT_CHILDREN,base_application_numeric,application_train.csv,Application-time numeric applicant and loan fields,Direct selected numeric fields from the base application table.,SK_ID_CURR,Applicant level,Known at loan application submission time.,low,"Validate schema, numeric ranges, missingness, and application timestamp; exclude identifiers and target from model inputs.",Data Science / Credit Risk,True
CNT_FAM_MEMBERS,base_application_numeric,application_train.csv,Application-time numeric applicant and loan fields,Direct selected numeric fields from the base application table.,SK_ID_CURR,Applicant level,Known at loan application submission time.,low,"Validate schema, numeric ranges, missingness, and application timestamp; exclude identifiers and target from model inputs.",Data Science / Credit Risk,True
DAYS_BIRTH,base_application_numeric,application_train.csv,Application-time numeric applicant and loan fields,Direct selected numeric fields from the base application table.,SK_ID_CURR,Applicant level,Known at loan application submission time.,low,"Validate schema, numeric ranges, missingness, and application timestamp; exclude identifiers and target from model inputs.",Data Science / Credit Risk,True
DAYS_EMPLOYED,base_application_numeric,application_train.csv,Application-time numeric applicant and loan fields,Direct selected numeric fields from the base application table.,SK_ID_CURR,Applicant level,Known at loan application submission time.,low,"Validate schema, numeric ranges, missingness, and application timestamp; exclude identifiers and target from model inputs.",Data Science / Credit Risk,True
DAYS_ID_PUBLISH,base_application_numeric,application_train.csv,Application-time numeric applicant and loan fields,Direct selected numeric fields from the base application table.,SK_ID_CURR,Applicant level,Known at loan application submission time.,low,"Validate schema, numeric ranges, missingness, and application timestamp; exclude identifiers and target from model inputs.",Data Science / Credit Risk,True
DAYS_LAST_PHONE_CHANGE,base_application_numeric,application_train.csv,Application-time numeric applicant and loan fields,Direct selected numeric fields from the base application table.,SK_ID_CURR,Applicant level,Known at loan application submission time.,low,"Validate schema, numeric ranges, missingness, and application timestamp; exclude identifiers and target from model inputs.",Data Science / Credit Risk,True
DAYS_REGISTRATION,base_application_numeric,application_train.csv,Application-time numeric applicant and loan fields,Direct selected numeric fields from the base application table.,SK_ID_CURR,Applicant level,Known at loan application submission time.,low,"Validate schema, numeric ranges, missingness, and application timestamp; exclude identifiers and target from model inputs.",Data Science / Credit Risk,True
DEF_30_CNT_SOCIAL_CIRCLE,base_application_numeric,application_train.csv,Application-time numeric applicant and loan fields,Direct selected numeric fields from the base application table.,SK_ID_CURR,Applicant level,Known at loan application submission time.,low,"Validate schema, numeric ranges, missingness, and application timestamp; exclude identifiers and target from model inputs.",Data Science / Credit Risk,True
DEF_60_CNT_SOCIAL_CIRCLE,base_application_numeric,application_train.csv,Application-time numeric applicant and loan fields,Direct selected numeric fields from the base application table.,SK_ID_CURR,Applicant level,Known at loan application submission time.,low,"Validate schema, numeric ranges, missingness, and application timestamp; exclude identifiers and target from model inputs.",Data Science / Credit Risk,True
EXT_SOURCE_1,base_application_numeric,application_train.csv,Application-time numeric applicant and loan fields,Direct selected numeric fields from the base application table.,SK_ID_CURR,Applicant level,Known at loan application submission time.,low,"Validate schema, numeric ranges, missingness, and application timestamp; exclude identifiers and target from model inputs.",Data Science / Credit Risk,True
EXT_SOURCE_2,base_application_numeric,application_train.csv,Application-time numeric applicant and loan fields,Direct selected numeric fields from the base application table.,SK_ID_CURR,Applicant level,Known at loan application submission time.,low,"Validate schema, numeric ranges, missingness, and application timestamp; exclude identifiers and target from model inputs.",Data Science / Credit Risk,True
EXT_SOURCE_3,base_application_numeric,application_train.csv,Application-time numeric applicant and loan fields,Direct selected numeric fields from the base application table.,SK_ID_CURR,Applicant level,Known at loan application submission time.,low,"Validate schema, numeric ranges, missingness, and application timestamp; exclude identifiers and target from model inputs.",Data Science / Credit Risk,True
HOUR_APPR_PROCESS_START,base_application_numeric,application_train.csv,Application-time numeric applicant and loan fields,Direct selected numeric fields from the base application table.,SK_ID_CURR,Applicant level,Known at loan application submission time.,low,"Validate schema, numeric ranges, missingness, and application timestamp; exclude identifiers and target from model inputs.",Data Science / Credit Risk,True
OBS_30_CNT_SOCIAL_CIRCLE,base_application_numeric,application_train.csv,Application-time numeric applicant and loan fields,Direct selected numeric fields from the base application table.,SK_ID_CURR,Applicant level,Known at loan application submission time.,low,"Validate schema, numeric ranges, missingness, and application timestamp; exclude identifiers and target from model inputs.",Data Science / Credit Risk,True
OBS_60_CNT_SOCIAL_CIRCLE,base_application_numeric,application_train.csv,Application-time numeric applicant and loan fields,Direct selected numeric fields from the base application table.,SK_ID_CURR,Applicant level,Known at loan application submission time.,low,"Validate schema, numeric ranges, missingness, and application timestamp; exclude identifiers and target from model inputs.",Data Science / Credit Risk,True
OWN_CAR_AGE,base_application_numeric,application_train.csv,Application-time numeric applicant and loan fields,Direct selected numeric fields from the base application table.,SK_ID_CURR,Applicant level,Known at loan application submission time.,low,"Validate schema, numeric ranges, missingness, and application timestamp; exclude identifiers and target from model inputs.",Data Science / Credit Risk,True
REGION_POPULATION_RELATIVE,base_application_numeric,application_train.csv,Application-time numeric applicant and loan fields,Direct selected numeric fields from the base application table.,SK_ID_CURR,Applicant level,Known at loan application submission time.,low,"Validate schema, numeric ranges, missingness, and application timestamp; exclude identifiers and target from model inputs.",Data Science / Credit Risk,True
REGION_RATING_CLIENT,base_application_numeric,application_train.csv,Application-time numeric applicant and loan fields,Direct selected numeric fields from the base application table.,SK_ID_CURR,Applicant level,Known at loan application submission time.,low,"Validate schema, numeric ranges, missingness, and application timestamp; exclude identifiers and target from model inputs.",Data Science / Credit Risk,True
REGION_RATING_CLIENT_W_CITY,base_application_numeric,application_train.csv,Application-time numeric applicant and loan fields,Direct selected numeric fields from the base application table.,SK_ID_CURR,Applicant level,Known at loan application submission time.,low,"Validate schema, numeric ranges, missingness, and application timestamp; exclude identifiers and target from model inputs.",Data Science / Credit Risk,True
bureau_balance_late_status_count,bureau_balance_history,"bureau.csv, bureau_balance.csv","SK_ID_BUREAU, MONTHS_BALANCE, STATUS",Join bureau_balance to bureau through SK_ID_BUREAU and aggregate monthly status counts and late-status counts to SK_ID_CURR.,SK_ID_BUREAU -> SK_ID_CURR,Applicant level from historical bureau monthly status,Must include only monthly statuses visible before the current decision or collections scoring timestamp.,medium,"Filter MONTHS_BALANCE/status snapshots by observation cutoff, validate bureau linkage integrity, and monitor late-status distribution drift.",Data Science / Credit Risk,True
bureau_balance_month_count,bureau_balance_history,"bureau.csv, bureau_balance.csv","SK_ID_BUREAU, MONTHS_BALANCE, STATUS",Join bureau_balance to bureau through SK_ID_BUREAU and aggregate monthly status counts and late-status counts to SK_ID_CURR.,SK_ID_BUREAU -> SK_ID_CURR,Applicant level from historical bureau monthly status,Must include only monthly statuses visible before the current decision or collections scoring timestamp.,medium,"Filter MONTHS_BALANCE/status snapshots by observation cutoff, validate bureau linkage integrity, and monitor late-status distribution drift.",Data Science / Credit Risk,True
bureau_active_credit_count,bureau_credit_history,bureau.csv,"CREDIT_ACTIVE, CREDIT_DAY_OVERDUE, DAYS_CREDIT, AMT_CREDIT_SUM, AMT_CREDIT_SUM_DEBT","Aggregate external bureau tradeline counts, active/closed status, overdue counts, credit recency, credit amount, and debt burden to SK_ID_CURR.",SK_ID_CURR,Applicant level from historical bureau records,Must be restricted to bureau records available before the current loan decision or collections scoring timestamp.,medium,"Apply source-record timestamp filters, validate bureau pull date, exclude post-application bureau updates, and monitor bureau-source refresh changes.",Data Science / Credit Risk,True
bureau_closed_credit_count,bureau_credit_history,bureau.csv,"CREDIT_ACTIVE, CREDIT_DAY_OVERDUE, DAYS_CREDIT, AMT_CREDIT_SUM, AMT_CREDIT_SUM_DEBT","Aggregate external bureau tradeline counts, active/closed status, overdue counts, credit recency, credit amount, and debt burden to SK_ID_CURR.",SK_ID_CURR,Applicant level from historical bureau records,Must be restricted to bureau records available before the current loan decision or collections scoring timestamp.,medium,"Apply source-record timestamp filters, validate bureau pull date, exclude post-application bureau updates, and monitor bureau-source refresh changes.",Data Science / Credit Risk,True
bureau_credit_count,bureau_credit_history,bureau.csv,"CREDIT_ACTIVE, CREDIT_DAY_OVERDUE, DAYS_CREDIT, AMT_CREDIT_SUM, AMT_CREDIT_SUM_DEBT","Aggregate external bureau tradeline counts, active/closed status, overdue counts, credit recency, credit amount, and debt burden to SK_ID_CURR.",SK_ID_CURR,Applicant level from historical bureau records,Must be restricted to bureau records available before the current loan decision or collections scoring timestamp.,medium,"Apply source-record timestamp filters, validate bureau pull date, exclude post-application bureau updates, and monitor bureau-source refresh changes.",Data Science / Credit Risk,True
bureau_credit_day_overdue_max,bureau_credit_history,bureau.csv,"CREDIT_ACTIVE, CREDIT_DAY_OVERDUE, DAYS_CREDIT, AMT_CREDIT_SUM, AMT_CREDIT_SUM_DEBT","Aggregate external bureau tradeline counts, active/closed status, overdue counts, credit recency, credit amount, and debt burden to SK_ID_CURR.",SK_ID_CURR,Applicant level from historical bureau records,Must be restricted to bureau records available before the current loan decision or collections scoring timestamp.,medium,"Apply source-record timestamp filters, validate bureau pull date, exclude post-application bureau updates, and monitor bureau-source refresh changes.",Data Science / Credit Risk,True
bureau_credit_debt_sum,bureau_credit_history,bureau.csv,"CREDIT_ACTIVE, CREDIT_DAY_OVERDUE, DAYS_CREDIT, AMT_CREDIT_SUM, AMT_CREDIT_SUM_DEBT","Aggregate external bureau tradeline counts, active/closed status, overdue counts, credit recency, credit amount, and debt burden to SK_ID_CURR.",SK_ID_CURR,Applicant level from historical bureau records,Must be restricted to bureau records available before the current loan decision or collections scoring timestamp.,medium,"Apply source-record timestamp filters, validate bureau pull date, exclude post-application bureau updates, and monitor bureau-source refresh changes.",Data Science / Credit Risk,True
bureau_credit_debt_to_credit_ratio,bureau_credit_history,bureau.csv,"CREDIT_ACTIVE, CREDIT_DAY_OVERDUE, DAYS_CREDIT, AMT_CREDIT_SUM, AMT_CREDIT_SUM_DEBT","Aggregate external bureau tradeline counts, active/closed status, overdue counts, credit recency, credit amount, and debt burden to SK_ID_CURR.",SK_ID_CURR,Applicant level from historical bureau records,Must be restricted to bureau records available before the current loan decision or collections scoring timestamp.,medium,"Apply source-record timestamp filters, validate bureau pull date, exclude post-application bureau updates, and monitor bureau-source refresh changes.",Data Science / Credit Risk,True
bureau_credit_sum_mean,bureau_credit_history,bureau.csv,"CREDIT_ACTIVE, CREDIT_DAY_OVERDUE, DAYS_CREDIT, AMT_CREDIT_SUM, AMT_CREDIT_SUM_DEBT","Aggregate external bureau tradeline counts, active/closed status, overdue counts, credit recency, credit amount, and debt burden to SK_ID_CURR.",SK_ID_CURR,Applicant level from historical bureau records,Must be restricted to bureau records available before the current loan decision or collections scoring timestamp.,medium,"Apply source-record timestamp filters, validate bureau pull date, exclude post-application bureau updates, and monitor bureau-source refresh changes.",Data Science / Credit Risk,True
bureau_days_credit_mean,bureau_credit_history,bureau.csv,"CREDIT_ACTIVE, CREDIT_DAY_OVERDUE, DAYS_CREDIT, AMT_CREDIT_SUM, AMT_CREDIT_SUM_DEBT","Aggregate external bureau tradeline counts, active/closed status, overdue counts, credit recency, credit amount, and debt burden to SK_ID_CURR.",SK_ID_CURR,Applicant level from historical bureau records,Must be restricted to bureau records available before the current loan decision or collections scoring timestamp.,medium,"Apply source-record timestamp filters, validate bureau pull date, exclude post-application bureau updates, and monitor bureau-source refresh changes.",Data Science / Credit Risk,True
bureau_overdue_credit_count,bureau_credit_history,bureau.csv,"CREDIT_ACTIVE, CREDIT_DAY_OVERDUE, DAYS_CREDIT, AMT_CREDIT_SUM, AMT_CREDIT_SUM_DEBT","Aggregate external bureau tradeline counts, active/closed status, overdue counts, credit recency, credit amount, and debt burden to SK_ID_CURR.",SK_ID_CURR,Applicant level from historical bureau records,Must be restricted to bureau records available before the current loan decision or collections scoring timestamp.,medium,"Apply source-record timestamp filters, validate bureau pull date, exclude post-application bureau updates, and monitor bureau-source refresh changes.",Data Science / Credit Risk,True
credit_card_avg_balance,credit_card_balance_history,credit_card_balance.csv,"AMT_BALANCE, AMT_DRAWINGS_CURRENT, SK_DPD_DEF","Aggregate credit-card monthly observation count, average/max balance, average drawings, and max DPD to SK_ID_CURR.",SK_ID_CURR,Applicant level from historical credit card records,Must include only credit-card snapshots known before the current decision or collections scoring timestamp.,medium_high_timing_sensitive,"Filter balance snapshots by observation cutoff, exclude post-decision behavior, and monitor balance/drawing/DPD distribution drift.",Data Science / Credit Risk,True
credit_card_avg_drawings,credit_card_balance_history,credit_card_balance.csv,"AMT_BALANCE, AMT_DRAWINGS_CURRENT, SK_DPD_DEF","Aggregate credit-card monthly observation count, average/max balance, average drawings, and max DPD to SK_ID_CURR.",SK_ID_CURR,Applicant level from historical credit card records,Must include only credit-card snapshots known before the current decision or collections scoring timestamp.,medium_high_timing_sensitive,"Filter balance snapshots by observation cutoff, exclude post-decision behavior, and monitor balance/drawing/DPD distribution drift.",Data Science / Credit Risk,True
credit_card_max_balance,credit_card_balance_history,credit_card_balance.csv,"AMT_BALANCE, AMT_DRAWINGS_CURRENT, SK_DPD_DEF","Aggregate credit-card monthly observation count, average/max balance, average drawings, and max DPD to SK_ID_CURR.",SK_ID_CURR,Applicant level from historical credit card records,Must include only credit-card snapshots known before the current decision or collections scoring timestamp.,medium_high_timing_sensitive,"Filter balance snapshots by observation cutoff, exclude post-decision behavior, and monitor balance/drawing/DPD distribution drift.",Data Science / Credit Risk,True
credit_card_max_dpd,credit_card_balance_history,credit_card_balance.csv,"AMT_BALANCE, AMT_DRAWINGS_CURRENT, SK_DPD_DEF","Aggregate credit-card monthly observation count, average/max balance, average drawings, and max DPD to SK_ID_CURR.",SK_ID_CURR,Applicant level from historical credit card records,Must include only credit-card snapshots known before the current decision or collections scoring timestamp.,medium_high_timing_sensitive,"Filter balance snapshots by observation cutoff, exclude post-decision behavior, and monitor balance/drawing/DPD distribution drift.",Data Science / Credit Risk,True
credit_card_month_count,credit_card_balance_history,credit_card_balance.csv,"AMT_BALANCE, AMT_DRAWINGS_CURRENT, SK_DPD_DEF","Aggregate credit-card monthly observation count, average/max balance, average drawings, and max DPD to SK_ID_CURR.",SK_ID_CURR,Applicant level from historical credit card records,Must include only credit-card snapshots known before the current decision or collections scoring timestamp.,medium_high_timing_sensitive,"Filter balance snapshots by observation cutoff, exclude post-decision behavior, and monitor balance/drawing/DPD distribution drift.",Data Science / Credit Risk,True
age_years,derived_application_features,application_train.csv,"AMT_CREDIT, AMT_INCOME_TOTAL, AMT_ANNUITY, AMT_GOODS_PRICE, DAYS_BIRTH, DAYS_EMPLOYED, EXT_SOURCE_1/2/3, and source-column null flags","Creates affordability ratios, age/employment transformations, external score aggregate statistics, and application-row missingness count.",SK_ID_CURR,Applicant level,Known or derivable at loan application submission time.,low,"Freeze ratio definitions, handle zero denominators consistently, validate external-score source timing, and monitor null-rate drift.",Data Science / Credit Risk,True
annuity_to_credit_ratio,derived_application_features,application_train.csv,"AMT_CREDIT, AMT_INCOME_TOTAL, AMT_ANNUITY, AMT_GOODS_PRICE, DAYS_BIRTH, DAYS_EMPLOYED, EXT_SOURCE_1/2/3, and source-column null flags","Creates affordability ratios, age/employment transformations, external score aggregate statistics, and application-row missingness count.",SK_ID_CURR,Applicant level,Known or derivable at loan application submission time.,low,"Freeze ratio definitions, handle zero denominators consistently, validate external-score source timing, and monitor null-rate drift.",Data Science / Credit Risk,True
annuity_to_income_ratio,derived_application_features,application_train.csv,"AMT_CREDIT, AMT_INCOME_TOTAL, AMT_ANNUITY, AMT_GOODS_PRICE, DAYS_BIRTH, DAYS_EMPLOYED, EXT_SOURCE_1/2/3, and source-column null flags","Creates affordability ratios, age/employment transformations, external score aggregate statistics, and application-row missingness count.",SK_ID_CURR,Applicant level,Known or derivable at loan application submission time.,low,"Freeze ratio definitions, handle zero denominators consistently, validate external-score source timing, and monitor null-rate drift.",Data Science / Credit Risk,True
credit_to_income_ratio,derived_application_features,application_train.csv,"AMT_CREDIT, AMT_INCOME_TOTAL, AMT_ANNUITY, AMT_GOODS_PRICE, DAYS_BIRTH, DAYS_EMPLOYED, EXT_SOURCE_1/2/3, and source-column null flags","Creates affordability ratios, age/employment transformations, external score aggregate statistics, and application-row missingness count.",SK_ID_CURR,Applicant level,Known or derivable at loan application submission time.,low,"Freeze ratio definitions, handle zero denominators consistently, validate external-score source timing, and monitor null-rate drift.",Data Science / Credit Risk,True
employment_years,derived_application_features,application_train.csv,"AMT_CREDIT, AMT_INCOME_TOTAL, AMT_ANNUITY, AMT_GOODS_PRICE, DAYS_BIRTH, DAYS_EMPLOYED, EXT_SOURCE_1/2/3, and source-column null flags","Creates affordability ratios, age/employment transformations, external score aggregate statistics, and application-row missingness count.",SK_ID_CURR,Applicant level,Known or derivable at loan application submission time.,low,"Freeze ratio definitions, handle zero denominators consistently, validate external-score source timing, and monitor null-rate drift.",Data Science / Credit Risk,True
external_score_mean,derived_application_features,application_train.csv,"AMT_CREDIT, AMT_INCOME_TOTAL, AMT_ANNUITY, AMT_GOODS_PRICE, DAYS_BIRTH, DAYS_EMPLOYED, EXT_SOURCE_1/2/3, and source-column null flags","Creates affordability ratios, age/employment transformations, external score aggregate statistics, and application-row missingness count.",SK_ID_CURR,Applicant level,Known or derivable at loan application submission time.,low,"Freeze ratio definitions, handle zero denominators consistently, validate external-score source timing, and monitor null-rate drift.",Data Science / Credit Risk,True
external_score_std,derived_application_features,application_train.csv,"AMT_CREDIT, AMT_INCOME_TOTAL, AMT_ANNUITY, AMT_GOODS_PRICE, DAYS_BIRTH, DAYS_EMPLOYED, EXT_SOURCE_1/2/3, and source-column null flags","Creates affordability ratios, age/employment transformations, external score aggregate statistics, and application-row missingness count.",SK_ID_CURR,Applicant level,Known or derivable at loan application submission time.,low,"Freeze ratio definitions, handle zero denominators consistently, validate external-score source timing, and monitor null-rate drift.",Data Science / Credit Risk,True
goods_price_to_credit_ratio,derived_application_features,application_train.csv,"AMT_CREDIT, AMT_INCOME_TOTAL, AMT_ANNUITY, AMT_GOODS_PRICE, DAYS_BIRTH, DAYS_EMPLOYED, EXT_SOURCE_1/2/3, and source-column null flags","Creates affordability ratios, age/employment transformations, external score aggregate statistics, and application-row missingness count.",SK_ID_CURR,Applicant level,Known or derivable at loan application submission time.,low,"Freeze ratio definitions, handle zero denominators consistently, validate external-score source timing, and monitor null-rate drift.",Data Science / Credit Risk,True
loan_to_income_ratio,derived_application_features,application_train.csv,"AMT_CREDIT, AMT_INCOME_TOTAL, AMT_ANNUITY, AMT_GOODS_PRICE, DAYS_BIRTH, DAYS_EMPLOYED, EXT_SOURCE_1/2/3, and source-column null flags","Creates affordability ratios, age/employment transformations, external score aggregate statistics, and application-row missingness count.",SK_ID_CURR,Applicant level,Known or derivable at loan application submission time.,low,"Freeze ratio definitions, handle zero denominators consistently, validate external-score source timing, and monitor null-rate drift.",Data Science / Credit Risk,True
missing_value_count,derived_application_features,application_train.csv,"AMT_CREDIT, AMT_INCOME_TOTAL, AMT_ANNUITY, AMT_GOODS_PRICE, DAYS_BIRTH, DAYS_EMPLOYED, EXT_SOURCE_1/2/3, and source-column null flags","Creates affordability ratios, age/employment transformations, external score aggregate statistics, and application-row missingness count.",SK_ID_CURR,Applicant level,Known or derivable at loan application submission time.,low,"Freeze ratio definitions, handle zero denominators consistently, validate external-score source timing, and monitor null-rate drift.",Data Science / Credit Risk,True
CODE_GENDER_idx,encoded_application_categorical,application_train.csv,"NAME_CONTRACT_TYPE, CODE_GENDER, FLAG_OWN_CAR, FLAG_OWN_REALTY, NAME_TYPE_SUITE, NAME_INCOME_TYPE, NAME_EDUCATION_TYPE, NAME_FAMILY_STATUS, NAME_HOUSING_TYPE, OCCUPATION_TYPE, ORGANIZATION_TYPE",Fill missing categorical values with 'Missing' and encode with Spark StringIndexer using handleInvalid='keep'.,SK_ID_CURR,Applicant level,Known at loan application submission time.,low_to_medium_proxy_risk,"Persist category mapping, handle unseen categories, monitor category drift, and review protected/proxy-sensitive fields with policy and compliance.",Data Science / Credit Risk,True
FLAG_OWN_CAR_idx,encoded_application_categorical,application_train.csv,"NAME_CONTRACT_TYPE, CODE_GENDER, FLAG_OWN_CAR, FLAG_OWN_REALTY, NAME_TYPE_SUITE, NAME_INCOME_TYPE, NAME_EDUCATION_TYPE, NAME_FAMILY_STATUS, NAME_HOUSING_TYPE, OCCUPATION_TYPE, ORGANIZATION_TYPE",Fill missing categorical values with 'Missing' and encode with Spark StringIndexer using handleInvalid='keep'.,SK_ID_CURR,Applicant level,Known at loan application submission time.,low_to_medium_proxy_risk,"Persist category mapping, handle unseen categories, monitor category drift, and review protected/proxy-sensitive fields with policy and compliance.",Data Science / Credit Risk,True
FLAG_OWN_REALTY_idx,encoded_application_categorical,application_train.csv,"NAME_CONTRACT_TYPE, CODE_GENDER, FLAG_OWN_CAR, FLAG_OWN_REALTY, NAME_TYPE_SUITE, NAME_INCOME_TYPE, NAME_EDUCATION_TYPE, NAME_FAMILY_STATUS, NAME_HOUSING_TYPE, OCCUPATION_TYPE, ORGANIZATION_TYPE",Fill missing categorical values with 'Missing' and encode with Spark StringIndexer using handleInvalid='keep'.,SK_ID_CURR,Applicant level,Known at loan application submission time.,low_to_medium_proxy_risk,"Persist category mapping, handle unseen categories, monitor category drift, and review protected/proxy-sensitive fields with policy and compliance.",Data Science / Credit Risk,True
NAME_CONTRACT_TYPE_idx,encoded_application_categorical,application_train.csv,"NAME_CONTRACT_TYPE, CODE_GENDER, FLAG_OWN_CAR, FLAG_OWN_REALTY, NAME_TYPE_SUITE, NAME_INCOME_TYPE, NAME_EDUCATION_TYPE, NAME_FAMILY_STATUS, NAME_HOUSING_TYPE, OCCUPATION_TYPE, ORGANIZATION_TYPE",Fill missing categorical values with 'Missing' and encode with Spark StringIndexer using handleInvalid='keep'.,SK_ID_CURR,Applicant level,Known at loan application submission time.,low_to_medium_proxy_risk,"Persist category mapping, handle unseen categories, monitor category drift, and review protected/proxy-sensitive fields with policy and compliance.",Data Science / Credit Risk,True
NAME_EDUCATION_TYPE_idx,encoded_application_categorical,application_train.csv,"NAME_CONTRACT_TYPE, CODE_GENDER, FLAG_OWN_CAR, FLAG_OWN_REALTY, NAME_TYPE_SUITE, NAME_INCOME_TYPE, NAME_EDUCATION_TYPE, NAME_FAMILY_STATUS, NAME_HOUSING_TYPE, OCCUPATION_TYPE, ORGANIZATION_TYPE",Fill missing categorical values with 'Missing' and encode with Spark StringIndexer using handleInvalid='keep'.,SK_ID_CURR,Applicant level,Known at loan application submission time.,low_to_medium_proxy_risk,"Persist category mapping, handle unseen categories, monitor category drift, and review protected/proxy-sensitive fields with policy and compliance.",Data Science / Credit Risk,True
NAME_FAMILY_STATUS_idx,encoded_application_categorical,application_train.csv,"NAME_CONTRACT_TYPE, CODE_GENDER, FLAG_OWN_CAR, FLAG_OWN_REALTY, NAME_TYPE_SUITE, NAME_INCOME_TYPE, NAME_EDUCATION_TYPE, NAME_FAMILY_STATUS, NAME_HOUSING_TYPE, OCCUPATION_TYPE, ORGANIZATION_TYPE",Fill missing categorical values with 'Missing' and encode with Spark StringIndexer using handleInvalid='keep'.,SK_ID_CURR,Applicant level,Known at loan application submission time.,low_to_medium_proxy_risk,"Persist category mapping, handle unseen categories, monitor category drift, and review protected/proxy-sensitive fields with policy and compliance.",Data Science / Credit Risk,True
NAME_HOUSING_TYPE_idx,encoded_application_categorical,application_train.csv,"NAME_CONTRACT_TYPE, CODE_GENDER, FLAG_OWN_CAR, FLAG_OWN_REALTY, NAME_TYPE_SUITE, NAME_INCOME_TYPE, NAME_EDUCATION_TYPE, NAME_FAMILY_STATUS, NAME_HOUSING_TYPE, OCCUPATION_TYPE, ORGANIZATION_TYPE",Fill missing categorical values with 'Missing' and encode with Spark StringIndexer using handleInvalid='keep'.,SK_ID_CURR,Applicant level,Known at loan application submission time.,low_to_medium_proxy_risk,"Persist category mapping, handle unseen categories, monitor category drift, and review protected/proxy-sensitive fields with policy and compliance.",Data Science / Credit Risk,True
NAME_INCOME_TYPE_idx,encoded_application_categorical,application_train.csv,"NAME_CONTRACT_TYPE, CODE_GENDER, FLAG_OWN_CAR, FLAG_OWN_REALTY, NAME_TYPE_SUITE, NAME_INCOME_TYPE, NAME_EDUCATION_TYPE, NAME_FAMILY_STATUS, NAME_HOUSING_TYPE, OCCUPATION_TYPE, ORGANIZATION_TYPE",Fill missing categorical values with 'Missing' and encode with Spark StringIndexer using handleInvalid='keep'.,SK_ID_CURR,Applicant level,Known at loan application submission time.,low_to_medium_proxy_risk,"Persist category mapping, handle unseen categories, monitor category drift, and review protected/proxy-sensitive fields with policy and compliance.",Data Science / Credit Risk,True
NAME_TYPE_SUITE_idx,encoded_application_categorical,application_train.csv,"NAME_CONTRACT_TYPE, CODE_GENDER, FLAG_OWN_CAR, FLAG_OWN_REALTY, NAME_TYPE_SUITE, NAME_INCOME_TYPE, NAME_EDUCATION_TYPE, NAME_FAMILY_STATUS, NAME_HOUSING_TYPE, OCCUPATION_TYPE, ORGANIZATION_TYPE",Fill missing categorical values with 'Missing' and encode with Spark StringIndexer using handleInvalid='keep'.,SK_ID_CURR,Applicant level,Known at loan application submission time.,low_to_medium_proxy_risk,"Persist category mapping, handle unseen categories, monitor category drift, and review protected/proxy-sensitive fields with policy and compliance.",Data Science / Credit Risk,True
OCCUPATION_TYPE_idx,encoded_application_categorical,application_train.csv,"NAME_CONTRACT_TYPE, CODE_GENDER, FLAG_OWN_CAR, FLAG_OWN_REALTY, NAME_TYPE_SUITE, NAME_INCOME_TYPE, NAME_EDUCATION_TYPE, NAME_FAMILY_STATUS, NAME_HOUSING_TYPE, OCCUPATION_TYPE, ORGANIZATION_TYPE",Fill missing categorical values with 'Missing' and encode with Spark StringIndexer using handleInvalid='keep'.,SK_ID_CURR,Applicant level,Known at loan application submission time.,low_to_medium_proxy_risk,"Persist category mapping, handle unseen categories, monitor category drift, and review protected/proxy-sensitive fields with policy and compliance.",Data Science / Credit Risk,True
ORGANIZATION_TYPE_idx,encoded_application_categorical,application_train.csv,"NAME_CONTRACT_TYPE, CODE_GENDER, FLAG_OWN_CAR, FLAG_OWN_REALTY, NAME_TYPE_SUITE, NAME_INCOME_TYPE, NAME_EDUCATION_TYPE, NAME_FAMILY_STATUS, NAME_HOUSING_TYPE, OCCUPATION_TYPE, ORGANIZATION_TYPE",Fill missing categorical values with 'Missing' and encode with Spark StringIndexer using handleInvalid='keep'.,SK_ID_CURR,Applicant level,Known at loan application submission time.,low_to_medium_proxy_risk,"Persist category mapping, handle unseen categories, monitor category drift, and review protected/proxy-sensitive fields with policy and compliance.",Data Science / Credit Risk,True
installment_avg_payment_delay_days,installment_repayment_history,installments_payments.csv,"DAYS_ENTRY_PAYMENT, DAYS_INSTALMENT, AMT_PAYMENT, AMT_INSTALMENT","Create payment delay and payment ratio, then aggregate count, late count, average/max delay, and average payment ratio to SK_ID_CURR.",SK_ID_CURR,Applicant level from historical installments,Must include only installments from loans observed before the current decision or collections scoring timestamp.,medium_high_timing_sensitive,"Enforce observation cutoff by installment/payment date, exclude future repayment behavior, and separately test leakage around target-loan payments.",Data Science / Credit Risk,True
installment_avg_payment_ratio,installment_repayment_history,installments_payments.csv,"DAYS_ENTRY_PAYMENT, DAYS_INSTALMENT, AMT_PAYMENT, AMT_INSTALMENT","Create payment delay and payment ratio, then aggregate count, late count, average/max delay, and average payment ratio to SK_ID_CURR.",SK_ID_CURR,Applicant level from historical installments,Must include only installments from loans observed before the current decision or collections scoring timestamp.,medium_high_timing_sensitive,"Enforce observation cutoff by installment/payment date, exclude future repayment behavior, and separately test leakage around target-loan payments.",Data Science / Credit Risk,True
installment_late_payment_count,installment_repayment_history,installments_payments.csv,"DAYS_ENTRY_PAYMENT, DAYS_INSTALMENT, AMT_PAYMENT, AMT_INSTALMENT","Create payment delay and payment ratio, then aggregate count, late count, average/max delay, and average payment ratio to SK_ID_CURR.",SK_ID_CURR,Applicant level from historical installments,Must include only installments from loans observed before the current decision or collections scoring timestamp.,medium_high_timing_sensitive,"Enforce observation cutoff by installment/payment date, exclude future repayment behavior, and separately test leakage around target-loan payments.",Data Science / Credit Risk,True
installment_max_payment_delay_days,installment_repayment_history,installments_payments.csv,"DAYS_ENTRY_PAYMENT, DAYS_INSTALMENT, AMT_PAYMENT, AMT_INSTALMENT","Create payment delay and payment ratio, then aggregate count, late count, average/max delay, and average payment ratio to SK_ID_CURR.",SK_ID_CURR,Applicant level from historical installments,Must include only installments from loans observed before the current decision or collections scoring timestamp.,medium_high_timing_sensitive,"Enforce observation cutoff by installment/payment date, exclude future repayment behavior, and separately test leakage around target-loan payments.",Data Science / Credit Risk,True
installment_payment_count,installment_repayment_history,installments_payments.csv,"DAYS_ENTRY_PAYMENT, DAYS_INSTALMENT, AMT_PAYMENT, AMT_INSTALMENT","Create payment delay and payment ratio, then aggregate count, late count, average/max delay, and average payment ratio to SK_ID_CURR.",SK_ID_CURR,Applicant level from historical installments,Must include only installments from loans observed before the current decision or collections scoring timestamp.,medium_high_timing_sensitive,"Enforce observation cutoff by installment/payment date, exclude future repayment behavior, and separately test leakage around target-loan payments.",Data Science / Credit Risk,True
pos_cash_avg_installments_future,pos_cash_balance_history,POS_CASH_balance.csv,"SK_DPD_DEF, CNT_INSTALMENT_FUTURE","Aggregate POS cash monthly observation count, delinquency count, max DPD, and average remaining installments to SK_ID_CURR.",SK_ID_CURR,Applicant level from historical POS cash records,Must include only POS balance snapshots before the current decision or collections scoring timestamp.,medium_high_timing_sensitive,"Filter monthly snapshots by observation date, exclude target-loan future performance, and monitor delinquency and remaining-installment drift.",Data Science / Credit Risk,True
pos_cash_late_count,pos_cash_balance_history,POS_CASH_balance.csv,"SK_DPD_DEF, CNT_INSTALMENT_FUTURE","Aggregate POS cash monthly observation count, delinquency count, max DPD, and average remaining installments to SK_ID_CURR.",SK_ID_CURR,Applicant level from historical POS cash records,Must include only POS balance snapshots before the current decision or collections scoring timestamp.,medium_high_timing_sensitive,"Filter monthly snapshots by observation date, exclude target-loan future performance, and monitor delinquency and remaining-installment drift.",Data Science / Credit Risk,True
pos_cash_max_dpd_def,pos_cash_balance_history,POS_CASH_balance.csv,"SK_DPD_DEF, CNT_INSTALMENT_FUTURE","Aggregate POS cash monthly observation count, delinquency count, max DPD, and average remaining installments to SK_ID_CURR.",SK_ID_CURR,Applicant level from historical POS cash records,Must include only POS balance snapshots before the current decision or collections scoring timestamp.,medium_high_timing_sensitive,"Filter monthly snapshots by observation date, exclude target-loan future performance, and monitor delinquency and remaining-installment drift.",Data Science / Credit Risk,True
pos_cash_month_count,pos_cash_balance_history,POS_CASH_balance.csv,"SK_DPD_DEF, CNT_INSTALMENT_FUTURE","Aggregate POS cash monthly observation count, delinquency count, max DPD, and average remaining installments to SK_ID_CURR.",SK_ID_CURR,Applicant level from historical POS cash records,Must include only POS balance snapshots before the current decision or collections scoring timestamp.,medium_high_timing_sensitive,"Filter monthly snapshots by observation date, exclude target-loan future performance, and monitor delinquency and remaining-installment drift.",Data Science / Credit Risk,True
previous_application_count,previous_application_history,previous_application.csv,"NAME_CONTRACT_STATUS, AMT_CREDIT, AMT_APPLICATION, AMT_DOWN_PAYMENT, DAYS_DECISION","Aggregate prior application counts, approved/refused counts, mean credit, mean application amount, mean down payment, and mean decision recency.",SK_ID_CURR,Applicant level from previous applications,Must include only applications decided before the current application or collections scoring timestamp.,medium,"Filter by prior decision timestamp, exclude current-loan outcome, validate application identity links, and monitor refused/approved mix drift.",Data Science / Credit Risk,True
previous_application_mean,previous_application_history,previous_application.csv,"NAME_CONTRACT_STATUS, AMT_CREDIT, AMT_APPLICATION, AMT_DOWN_PAYMENT, DAYS_DECISION","Aggregate prior application counts, approved/refused counts, mean credit, mean application amount, mean down payment, and mean decision recency.",SK_ID_CURR,Applicant level from previous applications,Must include only applications decided before the current application or collections scoring timestamp.,medium,"Filter by prior decision timestamp, exclude current-loan outcome, validate application identity links, and monitor refused/approved mix drift.",Data Science / Credit Risk,True
previous_approved_count,previous_application_history,previous_application.csv,"NAME_CONTRACT_STATUS, AMT_CREDIT, AMT_APPLICATION, AMT_DOWN_PAYMENT, DAYS_DECISION","Aggregate prior application counts, approved/refused counts, mean credit, mean application amount, mean down payment, and mean decision recency.",SK_ID_CURR,Applicant level from previous applications,Must include only applications decided before the current application or collections scoring timestamp.,medium,"Filter by prior decision timestamp, exclude current-loan outcome, validate application identity links, and monitor refused/approved mix drift.",Data Science / Credit Risk,True
previous_credit_mean,previous_application_history,previous_application.csv,"NAME_CONTRACT_STATUS, AMT_CREDIT, AMT_APPLICATION, AMT_DOWN_PAYMENT, DAYS_DECISION","Aggregate prior application counts, approved/refused counts, mean credit, mean application amount, mean down payment, and mean decision recency.",SK_ID_CURR,Applicant level from previous applications,Must include only applications decided before the current application or collections scoring timestamp.,medium,"Filter by prior decision timestamp, exclude current-loan outcome, validate application identity links, and monitor refused/approved mix drift.",Data Science / Credit Risk,True
previous_days_decision_mean,previous_application_history,previous_application.csv,"NAME_CONTRACT_STATUS, AMT_CREDIT, AMT_APPLICATION, AMT_DOWN_PAYMENT, DAYS_DECISION","Aggregate prior application counts, approved/refused counts, mean credit, mean application amount, mean down payment, and mean decision recency.",SK_ID_CURR,Applicant level from previous applications,Must include only applications decided before the current application or collections scoring timestamp.,medium,"Filter by prior decision timestamp, exclude current-loan outcome, validate application identity links, and monitor refused/approved mix drift.",Data Science / Credit Risk,True
previous_down_payment_mean,previous_application_history,previous_application.csv,"NAME_CONTRACT_STATUS, AMT_CREDIT, AMT_APPLICATION, AMT_DOWN_PAYMENT, DAYS_DECISION","Aggregate prior application counts, approved/refused counts, mean credit, mean application amount, mean down payment, and mean decision recency.",SK_ID_CURR,Applicant level from previous applications,Must include only applications decided before the current application or collections scoring timestamp.,medium,"Filter by prior decision timestamp, exclude current-loan outcome, validate application identity links, and monitor refused/approved mix drift.",Data Science / Credit Risk,True
previous_refused_count,previous_application_history,previous_application.csv,"NAME_CONTRACT_STATUS, AMT_CREDIT, AMT_APPLICATION, AMT_DOWN_PAYMENT, DAYS_DECISION","Aggregate prior application counts, approved/refused counts, mean credit, mean application amount, mean down payment, and mean decision recency.",SK_ID_CURR,Applicant level from previous applications,Must include only applications decided before the current application or collections scoring timestamp.,medium,"Filter by prior decision timestamp, exclude current-loan outcome, validate application identity links, and monitor refused/approved mix drift.",Data Science / Credit Risk,True
